millis,stampunix,datetime,RH%,tempC,CH4smV, CH4rmV, VbatmV, K33_RH, K33_Temp, K33_CO2, SampleNumber, PumpCycle
3999, 1691595342, 2023/8/9 15:35:42, 61.80, 23.20, 1464.56, 1785.19, 1215.82, 0.00, 0.00, 0.00, 1, 1
5999, 1691595344, 2023/8/9 15:35:44, 62.30, 23.20, 471.56, 1789.50, 1215.82, 0.00, 0.00, 0.00, 2, 1
3999, 1691595351, 2023/8/9 15:35:51, 61.60, 23.20, 262.69, 1791.19, 1215.82, 0.00, 0.00, 0.00, 1, 1
5999, 1691595353, 2023/8/9 15:35:53, 60.90, 23.20, 246.38, 1791.38, 1215.82, 0.00, 0.00, 0.00, 2, 1
7998, 1691595355, 2023/8/9 15:35:55, 60.70, 23.20, 235.69, 1791.19, 1215.82, 0.00, 0.00, 0.00, 3, 1
9999, 1691595357, 2023/8/9 15:35:57, 60.50, 23.30, 228.19, 1791.00, 1215.82, 0.00, 0.00, 0.00, 4, 1
12000, 1691595359, 2023/8/9 15:35:59, 60.40, 23.20, 222.94, 1790.81, 1215.82, 0.00, 0.00, 0.00, 5, 1
14000, 1691595361, 2023/8/9 15:36:1, 60.30, 23.20, 219.19, 1791.00, 1215.82, 0.00, 0.00, 0.00, 6, 1
16000, 1691595363, 2023/8/9 15:36:3, 60.20, 23.20, 216.94, 1791.38, 1215.82, 0.00, 0.00, 0.00, 7, 1
17999, 1691595365, 2023/8/9 15:36:5, 60.20, 23.20, 215.25, 1791.38, 1215.82, 0.00, 0.00, 0.00, 8, 1
20000, 1691595367, 2023/8/9 15:36:7, 60.20, 23.20, 214.50, 1791.38, 1215.82, 0.00, 0.00, 0.00, 9, 1
21999, 1691595369, 2023/8/9 15:36:9, 60.10, 23.20, 213.94, 1791.75, 1215.82, 0.00, 0.00, 0.00, 10, 1
23999, 1691595371, 2023/8/9 15:36:11, 60.00, 23.20, 213.75, 1791.94, 1215.82, 0.00, 0.00, 0.00, 11, 1
25999, 1691595373, 2023/8/9 15:36:13, 59.90, 23.20, 214.13, 1791.75, 1215.82, 0.00, 0.00, 0.00, 12, 1
4000, 1691595165, 2023/8/9 15:32:45, 59.60, 23.20, 235.13, 1798.31, 1215.82, 0.00, 0.00, 0.00, 1, 1
5999, 1691595167, 2023/8/9 15:32:47, 59.60, 23.20, 236.81, 1798.69, 1215.82, 0.00, 0.00, 0.00, 2, 1
7998, 1691595169, 2023/8/9 15:32:49, 59.60, 23.20, 238.31, 1799.06, 1215.82, 0.00, 0.00, 0.00, 3, 1
9999, 1691595171, 2023/8/9 15:32:51, 59.50, 23.20, 239.63, 1799.81, 1215.82, 0.00, 0.00, 0.00, 4, 1
12000, 1691595173, 2023/8/9 15:32:53, 59.50, 23.20, 241.31, 1800.19, 1215.82, 0.00, 0.00, 0.00, 5, 1
14000, 1691595175, 2023/8/9 15:32:55, 59.50, 23.20, 242.25, 1800.19, 1215.82, 0.00, 0.00, 0.00, 6, 1
15998, 1691595177, 2023/8/9 15:32:57, 59.50, 23.20, 243.94, 1800.38, 1220.70, 0.00, 0.00, 0.00, 7, 1
17998, 1691595179, 2023/8/9 15:32:59, 59.60, 23.20, 246.56, 1801.88, 1245.12, 0.00, 0.00, 0.00, 8, 1
3999, 1691596098, 2023/8/9 15:48:18, 63.50, 22.80, 297.94, 1797.94, 4135.74, 0.00, 0.00, 0.00, 1, 1
5999, 1691596100, 2023/8/9 15:48:20, 63.40, 22.80, 256.31, 1798.31, 4135.74, 0.00, 0.00, 0.00, 2, 1
7999, 1691596102, 2023/8/9 15:48:22, 63.40, 22.80, 227.63, 1798.50, 4135.74, 0.00, 0.00, 0.00, 3, 1
9999, 1691596104, 2023/8/9 15:48:24, 63.30, 22.80, 209.44, 1798.50, 4135.74, 0.00, 0.00, 0.00, 4, 1
12000, 1691596106, 2023/8/9 15:48:26, 63.20, 22.80, 199.88, 1798.69, 4135.74, 0.00, 0.00, 0.00, 5, 1
14000, 1691596108, 2023/8/9 15:48:28, 63.10, 22.80, 194.81, 1798.88, 4135.74, 0.00, 0.00, 0.00, 6, 1
16000, 1691596110, 2023/8/9 15:48:30, 63.10, 22.80, 192.19, 1798.88, 4135.74, 0.00, 0.00, 0.00, 7, 1
17999, 1691596112, 2023/8/9 15:48:32, 63.10, 22.80, 191.06, 1798.88, 4135.74, 0.00, 0.00, 0.00, 8, 1
3998, 1691596415, 2023/8/9 15:53:35, 63.40, 22.70, 237.94, 1805.06, 4135.74, 0.00, 0.00, 0.00, 1, 1
5999, 1691596417, 2023/8/9 15:53:37, 63.40, 22.70, 225.19, 1805.44, 4135.74, 0.00, 0.00, 0.00, 2, 1
7998, 1691596419, 2023/8/9 15:53:39, 63.40, 22.70, 208.13, 1805.63, 4135.74, 0.00, 0.00, 0.00, 3, 1
9999, 1691596421, 2023/8/9 15:53:41, 63.30, 22.70, 197.81, 1805.63, 4135.74, 0.00, 0.00, 0.00, 4, 1
11999, 1691596423, 2023/8/9 15:53:43, 63.20, 22.70, 192.56, 1805.63, 4135.74, 0.00, 0.00, 0.00, 5, 1
14000, 1691596425, 2023/8/9 15:53:45, 63.20, 22.70, 190.13, 1805.63, 4135.74, 0.00, 0.00, 0.00, 6, 1
16000, 1691596427, 2023/8/9 15:53:47, 63.20, 22.70, 189.38, 1805.81, 4135.74, 0.00, 0.00, 0.00, 7, 1
17998, 1691596429, 2023/8/9 15:53:49, 63.20, 22.70, 189.38, 1805.81, 4135.74, 0.00, 0.00, 0.00, 8, 1
19999, 1691596431, 2023/8/9 15:53:51, 63.10, 22.70, 189.94, 1806.00, 4135.74, 0.00, 0.00, 0.00, 9, 1
21999, 1691596433, 2023/8/9 15:53:53, 63.10, 22.70, 190.88, 1806.00, 4135.74, 0.00, 0.00, 0.00, 10, 1
23999, 1691596435, 2023/8/9 15:53:55, 63.10, 22.70, 192.00, 1806.38, 4130.86, 0.00, 22.76, 0.00, 11, 1
26000, 1691596437, 2023/8/9 15:53:57, 63.10, 22.70, 193.31, 1806.19, 4130.86, 0.00, 22.76, 0.00, 12, 1
27999, 1691596439, 2023/8/9 15:53:59, 63.10, 22.70, 194.81, 1806.38, 4130.86, 0.00, 22.76, 0.00, 13, 1
30000, 1691596441, 2023/8/9 15:54:1, 63.10, 22.70, 196.50, 1806.56, 4130.86, 0.00, 22.76, 0.00, 14, 1
32000, 1691596443, 2023/8/9 15:54:3, 63.10, 22.70, 198.00, 1806.94, 4130.86, 0.00, 22.76, 0.00, 15, 1
33999, 1691596445, 2023/8/9 15:54:5, 63.10, 22.70, 199.88, 1806.94, 4130.86, 0.00, 22.76, 0.00, 16, 1
35999, 1691596447, 2023/8/9 15:54:7, 63.20, 22.70, 201.56, 1807.31, 4130.86, 0.00, 22.76, 0.00, 17, 1
37999, 1691596449, 2023/8/9 15:54:9, 63.30, 22.80, 203.44, 1807.69, 4135.74, 0.00, 22.76, 0.00, 18, 1
39999, 1691596451, 2023/8/9 15:54:11, 63.20, 22.70, 205.13, 1807.88, 4135.74, 0.00, 22.76, 0.00, 19, 1
41999, 1691596453, 2023/8/9 15:54:13, 63.20, 22.80, 207.00, 1808.06, 4130.86, 0.00, 22.76, 0.00, 20, 1
43999, 1691596455, 2023/8/9 15:54:15, 63.20, 22.80, 208.69, 1808.44, 4125.98, 62.43, 22.92, 433.00, 21, 1
45999, 1691596457, 2023/8/9 15:54:17, 63.20, 22.80, 210.56, 1808.81, 4125.98, 62.43, 22.92, 433.00, 22, 1
48000, 1691596459, 2023/8/9 15:54:19, 63.20, 22.80, 212.25, 1809.00, 4125.98, 62.43, 22.92, 433.00, 23, 1
49999, 1691596461, 2023/8/9 15:54:21, 63.20, 22.80, 214.13, 1809.38, 4125.98, 62.43, 22.92, 433.00, 24, 1
51999, 1691596463, 2023/8/9 15:54:23, 63.20, 22.80, 215.81, 1809.75, 4125.98, 62.43, 22.92, 433.00, 25, 1
53999, 1691596465, 2023/8/9 15:54:25, 63.20, 22.80, 217.69, 1810.13, 4125.98, 62.43, 22.92, 433.00, 26, 1
55999, 1691596467, 2023/8/9 15:54:27, 63.20, 22.80, 219.56, 1810.50, 4125.98, 62.43, 22.92, 433.00, 27, 1
57999, 1691596469, 2023/8/9 15:54:29, 63.20, 22.80, 221.25, 1810.69, 4130.86, 62.43, 22.92, 433.00, 28, 1
59999, 1691596471, 2023/8/9 15:54:31, 63.20, 22.80, 223.13, 1811.25, 4130.86, 62.43, 22.92, 433.00, 29, 1
62000, 1691596473, 2023/8/9 15:54:33, 63.20, 22.80, 225.19, 1811.81, 4130.86, 62.43, 22.92, 433.00, 30, 1
63998, 1691596475, 2023/8/9 15:54:35, 63.30, 22.80, 226.88, 1812.19, 4125.98, 62.03, 23.25, 439.00, 31, 1
65999, 1691596477, 2023/8/9 15:54:37, 63.30, 22.80, 228.56, 1812.56, 4125.98, 62.03, 23.25, 439.00, 32, 1
67999, 1691596479, 2023/8/9 15:54:39, 63.30, 22.80, 230.25, 1812.94, 4125.98, 62.03, 23.25, 439.00, 33, 1
69999, 1691596481, 2023/8/9 15:54:41, 63.30, 22.80, 231.94, 1813.69, 4125.98, 62.03, 23.25, 439.00, 34, 1
71999, 1691596483, 2023/8/9 15:54:43, 63.30, 22.80, 233.81, 1814.06, 4125.98, 62.03, 23.25, 439.00, 35, 1
73999, 1691596485, 2023/8/9 15:54:45, 63.30, 22.80, 235.31, 1814.81, 4125.98, 62.03, 23.25, 439.00, 36, 1
75999, 1691596487, 2023/8/9 15:54:47, 63.20, 22.80, 237.00, 1815.19, 4125.98, 62.03, 23.25, 439.00, 37, 1
77999, 1691596489, 2023/8/9 15:54:49, 63.20, 22.80, 238.69, 1815.75, 4130.86, 62.03, 23.25, 439.00, 38, 1
80000, 1691596491, 2023/8/9 15:54:51, 63.20, 22.80, 240.38, 1816.31, 4130.86, 62.03, 23.25, 439.00, 39, 1
81999, 1691596493, 2023/8/9 15:54:53, 63.20, 22.80, 242.06, 1816.88, 4125.98, 62.03, 23.25, 439.00, 40, 1
83999, 1691596495, 2023/8/9 15:54:55, 63.20, 22.80, 243.56, 1817.44, 4125.98, 61.49, 23.59, 490.00, 41, 1
85999, 1691596497, 2023/8/9 15:54:57, 63.20, 22.80, 245.06, 1818.00, 4125.98, 61.49, 23.59, 490.00, 42, 1
87999, 1691596499, 2023/8/9 15:54:59, 63.20, 22.80, 246.56, 1818.75, 4121.09, 61.49, 23.59, 490.00, 43, 1
89999, 1691596501, 2023/8/9 15:55:1, 63.20, 22.80, 248.25, 1819.13, 4121.09, 61.49, 23.59, 490.00, 44, 1
91999, 1691596503, 2023/8/9 15:55:3, 63.20, 22.80, 249.75, 1819.88, 4121.09, 61.49, 23.59, 490.00, 45, 1
94000, 1691596505, 2023/8/9 15:55:5, 63.20, 22.80, 251.06, 1820.44, 4121.09, 61.49, 23.59, 490.00, 46, 1
96000, 1691596507, 2023/8/9 15:55:7, 63.20, 22.80, 252.56, 1821.19, 4121.09, 61.49, 23.59, 490.00, 47, 1
97999, 1691596509, 2023/8/9 15:55:9, 63.10, 22.80, 254.06, 1821.75, 4125.98, 61.49, 23.59, 490.00, 48, 1
99999, 1691596511, 2023/8/9 15:55:11, 63.20, 22.90, 255.56, 1822.31, 4125.98, 61.49, 23.59, 490.00, 49, 1
101998, 1691596513, 2023/8/9 15:55:13, 63.10, 22.80, 257.06, 1823.06, 4125.98, 61.49, 23.59, 490.00, 50, 1
103999, 1691596515, 2023/8/9 15:55:15, 63.10, 22.90, 258.56, 1823.63, 4121.09, 60.49, 23.94, 475.00, 51, 1
105999, 1691596517, 2023/8/9 15:55:17, 63.10, 22.90, 260.06, 1824.38, 4121.09, 60.49, 23.94, 475.00, 52, 1
107999, 1691596519, 2023/8/9 15:55:19, 63.10, 22.90, 261.38, 1825.13, 4121.09, 60.49, 23.94, 475.00, 53, 1
110000, 1691596521, 2023/8/9 15:55:21, 63.10, 22.90, 262.69, 1825.88, 4121.09, 60.49, 23.94, 475.00, 54, 1
111998, 1691596523, 2023/8/9 15:55:23, 63.10, 22.90, 264.00, 1826.44, 4121.09, 60.49, 23.94, 475.00, 55, 1
113999, 1691596525, 2023/8/9 15:55:25, 63.10, 22.90, 265.31, 1827.19, 4121.09, 60.49, 23.94, 475.00, 56, 1
115999, 1691596527, 2023/8/9 15:55:27, 63.10, 22.90, 266.63, 1827.94, 4121.09, 60.49, 23.94, 475.00, 57, 1
117999, 1691596529, 2023/8/9 15:55:29, 63.20, 22.90, 267.75, 1828.50, 4125.98, 60.49, 23.94, 475.00, 58, 1
119999, 1691596531, 2023/8/9 15:55:31, 63.20, 22.90, 268.88, 1829.25, 4125.98, 60.49, 23.94, 475.00, 59, 1
121999, 1691596533, 2023/8/9 15:55:33, 63.20, 22.90, 270.19, 1830.00, 4125.98, 60.49, 23.94, 475.00, 60, 1
124000, 1691596535, 2023/8/9 15:55:35, 63.20, 22.90, 271.31, 1830.56, 4121.09, 59.07, 24.26, 467.00, 61, 1
126000, 1691596537, 2023/8/9 15:55:37, 63.10, 22.90, 272.63, 1831.31, 4121.09, 59.07, 24.26, 467.00, 62, 1
127998, 1691596539, 2023/8/9 15:55:39, 63.10, 22.90, 273.56, 1832.06, 4116.21, 59.07, 24.26, 467.00, 63, 1
129999, 1691596541, 2023/8/9 15:55:41, 63.10, 22.90, 274.69, 1832.63, 4116.21, 59.07, 24.26, 467.00, 64, 1
131999, 1691596543, 2023/8/9 15:55:43, 63.20, 22.90, 276.00, 1833.38, 4121.09, 59.07, 24.26, 467.00, 65, 1
133998, 1691596545, 2023/8/9 15:55:45, 63.20, 22.90, 276.94, 1834.13, 4121.09, 59.07, 24.26, 467.00, 66, 1
135999, 1691596547, 2023/8/9 15:55:47, 63.20, 22.90, 277.88, 1834.88, 4121.09, 59.07, 24.26, 467.00, 67, 1
137998, 1691596549, 2023/8/9 15:55:49, 63.10, 22.90, 279.00, 1835.63, 4125.98, 59.07, 24.26, 467.00, 68, 1
139999, 1691596551, 2023/8/9 15:55:51, 63.00, 22.90, 279.94, 1836.38, 4125.98, 59.07, 24.26, 467.00, 69, 1
142000, 1691596553, 2023/8/9 15:55:53, 63.00, 22.90, 281.06, 1837.31, 4121.09, 59.07, 24.26, 467.00, 70, 1
144000, 1691596555, 2023/8/9 15:55:55, 63.00, 23.00, 281.81, 1837.50, 4121.09, 58.21, 24.59, 478.00, 71, 1
145999, 1691596557, 2023/8/9 15:55:57, 63.10, 23.00, 282.38, 1839.00, 4121.09, 58.21, 24.59, 478.00, 72, 1
147999, 1691596559, 2023/8/9 15:55:59, 63.10, 23.00, 282.94, 1839.38, 4116.21, 58.21, 24.59, 478.00, 73, 1
149999, 1691596561, 2023/8/9 15:56:1, 63.60, 23.00, 282.94, 1844.25, 4116.21, 58.21, 24.59, 478.00, 74, 1
151999, 1691596563, 2023/8/9 15:56:3, 65.80, 23.00, 284.25, 1852.13, 4116.21, 58.21, 24.59, 478.00, 75, 1
153999, 1691596565, 2023/8/9 15:56:5, 65.90, 23.00, 285.38, 1855.31, 4116.21, 58.21, 24.59, 478.00, 76, 1
156000, 1691596567, 2023/8/9 15:56:7, 65.20, 23.10, 286.50, 1859.44, 4121.09, 58.21, 24.59, 478.00, 77, 1
157999, 1691596569, 2023/8/9 15:56:9, 64.60, 23.10, 287.25, 1856.25, 4121.09, 58.21, 24.59, 478.00, 78, 1
159998, 1691596571, 2023/8/9 15:56:11, 64.20, 23.10, 287.63, 1854.19, 4121.09, 58.21, 24.59, 478.00, 79, 1
161999, 1691596573, 2023/8/9 15:56:13, 64.40, 23.10, 288.00, 1852.88, 4121.09, 58.21, 24.59, 478.00, 80, 1
163998, 1691596575, 2023/8/9 15:56:15, 64.30, 23.20, 288.56, 1852.13, 4121.09, 57.09, 25.05, 486.00, 81, 1
165999, 1691596577, 2023/8/9 15:56:17, 63.80, 23.20, 289.31, 1851.94, 4116.21, 57.09, 25.05, 486.00, 82, 1
167999, 1691596579, 2023/8/9 15:56:19, 63.80, 23.20, 290.06, 1851.94, 4116.21, 57.09, 25.05, 486.00, 83, 1
169999, 1691596581, 2023/8/9 15:56:21, 63.40, 23.20, 290.81, 1852.13, 4116.21, 57.09, 25.05, 486.00, 84, 1
171999, 1691596583, 2023/8/9 15:56:23, 63.00, 23.20, 291.56, 1852.13, 4116.21, 57.09, 25.05, 486.00, 85, 1
173999, 1691596585, 2023/8/9 15:56:25, 63.00, 23.20, 292.31, 1852.31, 4116.21, 57.09, 25.05, 486.00, 86, 1
176000, 1691596587, 2023/8/9 15:56:27, 63.10, 23.30, 292.88, 1852.88, 4116.21, 57.09, 25.05, 486.00, 87, 1
177998, 1691596589, 2023/8/9 15:56:29, 63.10, 23.30, 293.44, 1854.56, 4121.09, 57.09, 25.05, 486.00, 88, 1
179999, 1691596591, 2023/8/9 15:56:31, 63.00, 23.30, 294.00, 1853.81, 4121.09, 57.09, 25.05, 486.00, 89, 1
182000, 1691596593, 2023/8/9 15:56:33, 63.60, 23.30, 294.56, 1854.00, 4116.21, 57.09, 25.05, 486.00, 90, 1
183999, 1691596595, 2023/8/9 15:56:35, 63.50, 23.30, 294.94, 1855.50, 4111.33, 56.89, 25.38, 530.00, 91, 1
185999, 1691596597, 2023/8/9 15:56:37, 63.30, 23.30, 295.50, 1855.13, 4116.21, 56.89, 25.38, 530.00, 92, 1
188000, 1691596599, 2023/8/9 15:56:39, 63.20, 23.40, 295.88, 1854.56, 4111.33, 56.89, 25.38, 530.00, 93, 1
189999, 1691596601, 2023/8/9 15:56:41, 63.30, 23.40, 296.44, 1854.56, 4111.33, 56.89, 25.38, 530.00, 94, 1
191998, 1691596603, 2023/8/9 15:56:43, 63.10, 23.40, 297.00, 1854.56, 4111.33, 56.89, 25.38, 530.00, 95, 1
193999, 1691596605, 2023/8/9 15:56:45, 62.80, 23.40, 297.56, 1854.94, 4111.33, 56.89, 25.38, 530.00, 96, 1
195999, 1691596607, 2023/8/9 15:56:47, 62.80, 23.40, 298.31, 1854.75, 4111.33, 56.89, 25.38, 530.00, 97, 1
197998, 1691596609, 2023/8/9 15:56:49, 62.60, 23.40, 298.88, 1855.13, 4116.21, 56.89, 25.38, 530.00, 98, 1
199999, 1691596611, 2023/8/9 15:56:51, 62.30, 23.50, 299.63, 1855.50, 4116.21, 56.89, 25.38, 530.00, 99, 1
201999, 1691596613, 2023/8/9 15:56:53, 62.20, 23.50, 300.38, 1856.06, 4116.21, 56.89, 25.38, 530.00, 100, 1
204000, 1691596615, 2023/8/9 15:56:55, 62.20, 23.50, 301.13, 1857.00, 4111.33, 55.67, 25.70, 568.00, 101, 1
206000, 1691596617, 2023/8/9 15:56:57, 62.20, 23.50, 301.88, 1857.56, 4111.33, 55.67, 25.70, 568.00, 102, 1
208000, 1691596619, 2023/8/9 15:56:59, 62.40, 23.50, 302.44, 1858.31, 4111.33, 55.67, 25.70, 568.00, 103, 1
209999, 1691596621, 2023/8/9 15:57:1, 62.80, 23.50, 303.00, 1859.06, 4111.33, 55.67, 25.70, 568.00, 104, 1
211998, 1691596623, 2023/8/9 15:57:3, 62.80, 23.50, 303.38, 1860.00, 4111.33, 55.67, 25.70, 568.00, 105, 1
214000, 1691596625, 2023/8/9 15:57:5, 62.60, 23.50, 304.13, 1860.56, 4111.33, 55.67, 25.70, 568.00, 106, 1
215999, 1691596627, 2023/8/9 15:57:7, 62.50, 23.60, 304.69, 1860.94, 4111.33, 55.67, 25.70, 568.00, 107, 1
217999, 1691596629, 2023/8/9 15:57:9, 62.40, 23.60, 305.25, 1861.50, 4116.21, 55.67, 25.70, 568.00, 108, 1
219999, 1691596631, 2023/8/9 15:57:11, 62.40, 23.60, 305.81, 1862.44, 4116.21, 55.67, 25.70, 568.00, 109, 1
221999, 1691596633, 2023/8/9 15:57:13, 62.50, 23.60, 306.56, 1863.56, 4116.21, 55.67, 25.70, 568.00, 110, 1
224000, 1691596635, 2023/8/9 15:57:15, 62.60, 23.60, 307.31, 1866.75, 4111.33, 54.60, 26.01, 522.00, 111, 1
225999, 1691596637, 2023/8/9 15:57:17, 62.70, 23.60, 307.69, 1866.56, 4111.33, 54.60, 26.01, 522.00, 112, 1
227999, 1691596639, 2023/8/9 15:57:19, 62.90, 23.60, 308.25, 1866.00, 4111.33, 54.60, 26.01, 522.00, 113, 1
229999, 1691596641, 2023/8/9 15:57:21, 62.90, 23.60, 308.81, 1865.81, 4111.33, 54.60, 26.01, 522.00, 114, 1
231999, 1691596643, 2023/8/9 15:57:23, 63.20, 23.60, 309.38, 1865.63, 4111.33, 54.60, 26.01, 522.00, 115, 1
233999, 1691596645, 2023/8/9 15:57:25, 63.20, 23.60, 309.94, 1865.63, 4111.33, 54.60, 26.01, 522.00, 116, 1
235999, 1691596647, 2023/8/9 15:57:27, 62.60, 23.60, 310.31, 1866.00, 4111.33, 54.60, 26.01, 522.00, 117, 1
237999, 1691596649, 2023/8/9 15:57:29, 62.10, 23.70, 311.06, 1866.56, 4116.21, 54.60, 26.01, 522.00, 118, 1
240000, 1691596651, 2023/8/9 15:57:31, 61.90, 23.70, 311.63, 1866.94, 4116.21, 54.60, 26.01, 522.00, 119, 1
241999, 1691596653, 2023/8/9 15:57:33, 61.80, 23.70, 312.00, 1867.69, 4111.33, 54.60, 26.01, 522.00, 120, 1
244000, 1691596655, 2023/8/9 15:57:35, 61.80, 23.70, 312.56, 1868.06, 4106.45, 54.34, 26.27, 513.00, 121, 1
245999, 1691596657, 2023/8/9 15:57:37, 61.80, 23.70, 312.94, 1868.63, 4106.45, 54.34, 26.27, 513.00, 122, 1
247998, 1691596659, 2023/8/9 15:57:39, 61.90, 23.80, 313.31, 1869.00, 4106.45, 54.34, 26.27, 513.00, 123, 1
249999, 1691596661, 2023/8/9 15:57:41, 61.90, 23.80, 313.69, 1869.19, 4101.56, 54.34, 26.27, 513.00, 124, 1
252000, 1691596663, 2023/8/9 15:57:43, 62.00, 23.80, 314.06, 1869.75, 4101.56, 54.34, 26.27, 513.00, 125, 1
253999, 1691596665, 2023/8/9 15:57:45, 62.20, 23.80, 314.25, 1870.13, 4106.45, 54.34, 26.27, 513.00, 126, 1
255998, 1691596667, 2023/8/9 15:57:47, 62.20, 23.80, 314.63, 1870.50, 4106.45, 54.34, 26.27, 513.00, 127, 1
257999, 1691596669, 2023/8/9 15:57:49, 62.20, 23.80, 315.00, 1871.25, 4111.33, 54.34, 26.27, 513.00, 128, 1
259999, 1691596671, 2023/8/9 15:57:51, 62.30, 23.80, 315.38, 1871.06, 4111.33, 54.34, 26.27, 513.00, 129, 1
261999, 1691596673, 2023/8/9 15:57:53, 62.40, 23.90, 315.75, 1871.81, 4111.33, 54.34, 26.27, 513.00, 130, 1
263999, 1691596675, 2023/8/9 15:57:55, 62.50, 23.90, 316.31, 1872.38, 4106.45, 52.59, 26.55, 499.00, 131, 1
265999, 1691596677, 2023/8/9 15:57:57, 62.60, 23.90, 316.69, 1872.94, 4106.45, 52.59, 26.55, 499.00, 132, 1
267999, 1691596679, 2023/8/9 15:57:59, 62.60, 23.90, 317.25, 1873.50, 4101.56, 52.59, 26.55, 499.00, 133, 1
270000, 1691596681, 2023/8/9 15:58:1, 62.50, 23.90, 317.63, 1874.25, 4101.56, 52.59, 26.55, 499.00, 134, 1
271998, 1691596683, 2023/8/9 15:58:3, 62.50, 23.90, 317.81, 1874.63, 4101.56, 52.59, 26.55, 499.00, 135, 1
273999, 1691596685, 2023/8/9 15:58:5, 62.40, 23.90, 318.19, 1875.19, 4101.56, 52.59, 26.55, 499.00, 136, 1
275999, 1691596687, 2023/8/9 15:58:7, 62.20, 24.00, 318.38, 1875.56, 4101.56, 52.59, 26.55, 499.00, 137, 1
277999, 1691596689, 2023/8/9 15:58:9, 62.10, 24.00, 318.56, 1875.94, 4106.45, 52.59, 26.55, 499.00, 138, 1
279999, 1691596691, 2023/8/9 15:58:11, 61.90, 24.00, 318.94, 1876.50, 4106.45, 52.59, 26.55, 499.00, 139, 1
281999, 1691596693, 2023/8/9 15:58:13, 61.70, 24.00, 319.13, 1877.06, 4106.45, 52.59, 26.55, 499.00, 140, 1
283999, 1691596695, 2023/8/9 15:58:15, 61.50, 24.00, 319.31, 1877.44, 4101.56, 52.98, 26.81, 479.00, 141, 1
285999, 1691596697, 2023/8/9 15:58:17, 61.40, 24.00, 319.69, 1877.81, 4101.56, 52.98, 26.81, 479.00, 142, 1
287998, 1691596699, 2023/8/9 15:58:19, 61.40, 24.00, 319.88, 1878.38, 4101.56, 52.98, 26.81, 479.00, 143, 1
289998, 1691596701, 2023/8/9 15:58:21, 61.50, 24.00, 320.25, 1878.75, 4101.56, 52.98, 26.81, 479.00, 144, 1
291999, 1691596703, 2023/8/9 15:58:23, 61.50, 24.00, 320.63, 1879.13, 4101.56, 52.98, 26.81, 479.00, 145, 1
293999, 1691596705, 2023/8/9 15:58:25, 61.60, 24.00, 321.00, 1879.50, 4101.56, 52.98, 26.81, 479.00, 146, 1
295999, 1691596707, 2023/8/9 15:58:27, 61.60, 24.00, 321.00, 1880.06, 4101.56, 52.98, 26.81, 479.00, 147, 1
297999, 1691596709, 2023/8/9 15:58:29, 61.60, 24.10, 321.19, 1880.81, 4106.45, 52.98, 26.81, 479.00, 148, 1
299999, 1691596711, 2023/8/9 15:58:31, 61.60, 24.10, 321.38, 1881.00, 4106.45, 52.98, 26.81, 479.00, 149, 1
301999, 1691596713, 2023/8/9 15:58:33, 61.40, 24.10, 321.56, 1881.38, 4106.45, 52.98, 26.81, 479.00, 150, 1
303998, 1691596715, 2023/8/9 15:58:35, 61.30, 24.10, 321.56, 1881.94, 4096.68, 51.15, 26.96, 525.00, 151, 1
305999, 1691596717, 2023/8/9 15:58:37, 61.20, 24.10, 321.56, 1882.31, 4101.56, 51.15, 26.96, 525.00, 152, 1
307998, 1691596719, 2023/8/9 15:58:39, 61.00, 24.20, 321.38, 1882.50, 4096.68, 51.15, 26.96, 525.00, 153, 1
309999, 1691596721, 2023/8/9 15:58:41, 61.00, 24.20, 321.38, 1882.88, 4096.68, 51.15, 26.96, 525.00, 154, 1
311999, 1691596723, 2023/8/9 15:58:43, 61.00, 24.20, 321.38, 1882.88, 4096.68, 51.15, 26.96, 525.00, 155, 1
313999, 1691596725, 2023/8/9 15:58:45, 61.00, 24.20, 321.56, 1882.88, 4096.68, 51.15, 26.96, 525.00, 156, 1
315999, 1691596727, 2023/8/9 15:58:47, 61.00, 24.20, 321.56, 1883.06, 4096.68, 51.15, 26.96, 525.00, 157, 1
318000, 1691596729, 2023/8/9 15:58:49, 60.90, 24.20, 321.75, 1883.25, 4106.45, 51.15, 26.96, 525.00, 158, 1
320000, 1691596731, 2023/8/9 15:58:51, 60.90, 24.20, 321.75, 1883.44, 4106.45, 51.15, 26.96, 525.00, 159, 1
321999, 1691596733, 2023/8/9 15:58:53, 60.90, 24.20, 321.94, 1883.81, 4101.56, 51.15, 26.96, 525.00, 160, 1
324000, 1691596735, 2023/8/9 15:58:55, 60.90, 24.20, 322.13, 1884.00, 4096.68, 49.19, 27.12, 684.00, 161, 1
325998, 1691596737, 2023/8/9 15:58:57, 60.90, 24.20, 322.31, 1884.19, 4096.68, 49.19, 27.12, 684.00, 162, 1
327999, 1691596739, 2023/8/9 15:58:59, 61.00, 24.30, 322.31, 1884.56, 4096.68, 49.19, 27.12, 684.00, 163, 1
329999, 1691596741, 2023/8/9 15:59:1, 61.00, 24.30, 322.50, 1884.94, 4096.68, 49.19, 27.12, 684.00, 164, 1
331999, 1691596743, 2023/8/9 15:59:3, 60.90, 24.30, 322.69, 1885.13, 4096.68, 49.19, 27.12, 684.00, 165, 1
333999, 1691596745, 2023/8/9 15:59:5, 60.90, 24.30, 322.88, 1885.69, 4096.68, 49.19, 27.12, 684.00, 166, 1
336000, 1691596747, 2023/8/9 15:59:7, 60.90, 24.40, 323.06, 1885.69, 4096.68, 49.19, 27.12, 684.00, 167, 1
337999, 1691596749, 2023/8/9 15:59:9, 60.80, 24.40, 323.25, 1886.06, 4101.56, 49.19, 27.12, 684.00, 168, 1
339999, 1691596751, 2023/8/9 15:59:11, 60.80, 24.40, 323.44, 1886.25, 4101.56, 49.19, 27.12, 684.00, 169, 1
341999, 1691596753, 2023/8/9 15:59:13, 60.80, 24.40, 323.63, 1886.44, 4101.56, 49.19, 27.12, 684.00, 170, 1
343999, 1691596755, 2023/8/9 15:59:15, 60.80, 24.40, 323.81, 1886.81, 4096.68, 49.10, 27.25, 695.00, 171, 1
345999, 1691596757, 2023/8/9 15:59:17, 60.80, 24.40, 324.00, 1887.00, 4096.68, 49.10, 27.25, 695.00, 172, 1
347999, 1691596759, 2023/8/9 15:59:19, 60.80, 24.40, 324.00, 1887.19, 4096.68, 49.10, 27.25, 695.00, 173, 1
349999, 1691596761, 2023/8/9 15:59:21, 60.80, 24.40, 324.19, 1887.38, 4096.68, 49.10, 27.25, 695.00, 174, 1
352000, 1691596763, 2023/8/9 15:59:23, 60.70, 24.40, 324.38, 1887.75, 4096.68, 49.10, 27.25, 695.00, 175, 1
353999, 1691596765, 2023/8/9 15:59:25, 60.70, 24.50, 324.56, 1887.94, 4096.68, 49.10, 27.25, 695.00, 176, 1
355998, 1691596767, 2023/8/9 15:59:27, 60.70, 24.50, 324.56, 1888.31, 4096.68, 49.10, 27.25, 695.00, 177, 1
358000, 1691596769, 2023/8/9 15:59:29, 60.70, 24.50, 324.75, 1888.50, 4101.56, 49.10, 27.25, 695.00, 178, 1
359999, 1691596771, 2023/8/9 15:59:31, 60.70, 24.50, 324.94, 1888.69, 4101.56, 49.10, 27.25, 695.00, 179, 1
361999, 1691596773, 2023/8/9 15:59:33, 60.70, 24.50, 325.31, 1888.88, 4101.56, 49.10, 27.25, 695.00, 180, 1
363999, 1691596775, 2023/8/9 15:59:35, 60.70, 24.50, 325.50, 1889.44, 4096.68, 48.96, 27.42, 682.00, 181, 1
365999, 1691596777, 2023/8/9 15:59:37, 60.70, 24.50, 325.69, 1889.63, 4096.68, 48.96, 27.42, 682.00, 182, 1
368000, 1691596779, 2023/8/9 15:59:39, 60.70, 24.60, 326.06, 1890.00, 4096.68, 48.96, 27.42, 682.00, 183, 1
369999, 1691596781, 2023/8/9 15:59:41, 60.80, 24.60, 326.44, 1890.19, 4096.68, 48.96, 27.42, 682.00, 184, 1
371999, 1691596783, 2023/8/9 15:59:43, 60.80, 24.60, 326.81, 1890.75, 4096.68, 48.96, 27.42, 682.00, 185, 1
373999, 1691596785, 2023/8/9 15:59:45, 60.80, 24.60, 327.19, 1891.13, 4096.68, 48.96, 27.42, 682.00, 186, 1
375999, 1691596787, 2023/8/9 15:59:47, 60.70, 24.60, 327.75, 1891.31, 4096.68, 48.96, 27.42, 682.00, 187, 1
377999, 1691596789, 2023/8/9 15:59:49, 60.70, 24.70, 328.13, 1891.69, 4101.56, 48.96, 27.42, 682.00, 188, 1
379999, 1691596791, 2023/8/9 15:59:51, 60.70, 24.70, 328.50, 1892.06, 4101.56, 48.96, 27.42, 682.00, 189, 1
381999, 1691596793, 2023/8/9 15:59:53, 60.70, 24.70, 329.06, 1892.44, 4101.56, 48.96, 27.42, 682.00, 190, 1
383998, 1691596795, 2023/8/9 15:59:55, 60.70, 24.70, 329.25, 1892.81, 4096.68, 48.64, 27.60, 668.00, 191, 1
385998, 1691596797, 2023/8/9 15:59:57, 60.70, 24.70, 329.81, 1893.00, 4096.68, 48.64, 27.60, 668.00, 192, 1
387998, 1691596799, 2023/8/9 15:59:59, 60.60, 24.70, 330.19, 1893.56, 4091.80, 48.64, 27.60, 668.00, 193, 1
389999, 1691596801, 2023/8/9 16:0:1, 60.50, 24.80, 330.56, 1893.94, 4091.80, 48.64, 27.60, 668.00, 194, 1
391999, 1691596803, 2023/8/9 16:0:3, 60.50, 24.80, 330.94, 1894.31, 4091.80, 48.64, 27.60, 668.00, 195, 1
393999, 1691596805, 2023/8/9 16:0:5, 60.50, 24.80, 331.31, 1894.50, 4091.80, 48.64, 27.60, 668.00, 196, 1
395999, 1691596807, 2023/8/9 16:0:7, 60.40, 24.80, 331.69, 1895.06, 4091.80, 48.64, 27.60, 668.00, 197, 1
398000, 1691596809, 2023/8/9 16:0:9, 60.40, 24.80, 331.88, 1895.25, 4101.56, 48.64, 27.60, 668.00, 198, 1
400000, 1691596811, 2023/8/9 16:0:11, 60.40, 24.90, 332.44, 1895.63, 4101.56, 48.64, 27.60, 668.00, 199, 1
401999, 1691596813, 2023/8/9 16:0:13, 60.40, 24.90, 332.63, 1896.00, 4101.56, 48.64, 27.60, 668.00, 200, 1
403999, 1691596815, 2023/8/9 16:0:15, 60.30, 25.00, 333.00, 1896.38, 4096.68, 48.59, 27.77, 635.00, 201, 1
405999, 1691596817, 2023/8/9 16:0:17, 60.20, 25.00, 333.38, 1896.75, 4096.68, 48.59, 27.77, 635.00, 202, 1
407999, 1691596819, 2023/8/9 16:0:19, 60.20, 25.00, 333.56, 1897.13, 4091.80, 48.59, 27.77, 635.00, 203, 1
409999, 1691596821, 2023/8/9 16:0:21, 60.20, 25.00, 333.94, 1897.50, 4091.80, 48.59, 27.77, 635.00, 204, 1
412000, 1691596823, 2023/8/9 16:0:23, 60.10, 25.00, 334.31, 1897.88, 4091.80, 48.59, 27.77, 635.00, 205, 1
414000, 1691596825, 2023/8/9 16:0:25, 60.10, 25.00, 334.50, 1898.25, 4091.80, 48.59, 27.77, 635.00, 206, 1
416000, 1691596827, 2023/8/9 16:0:27, 60.10, 25.00, 334.69, 1898.63, 4091.80, 48.59, 27.77, 635.00, 207, 1
417999, 1691596829, 2023/8/9 16:0:29, 60.00, 25.00, 335.06, 1899.00, 4101.56, 48.59, 27.77, 635.00, 208, 1
419999, 1691596831, 2023/8/9 16:0:31, 60.00, 25.00, 335.44, 1899.19, 4101.56, 48.59, 27.77, 635.00, 209, 1
421999, 1691596833, 2023/8/9 16:0:33, 60.00, 25.10, 335.63, 1899.75, 4101.56, 48.59, 27.77, 635.00, 210, 1
423999, 1691596835, 2023/8/9 16:0:35, 59.90, 25.10, 336.00, 1900.13, 4096.68, 49.00, 27.95, 633.00, 211, 1
425999, 1691596837, 2023/8/9 16:0:37, 59.90, 25.20, 336.19, 1900.31, 4096.68, 49.00, 27.95, 633.00, 212, 1
427999, 1691596839, 2023/8/9 16:0:39, 59.90, 25.20, 336.38, 1900.69, 4091.80, 49.00, 27.95, 633.00, 213, 1
429999, 1691596841, 2023/8/9 16:0:41, 59.90, 25.20, 336.56, 1901.06, 4091.80, 49.00, 27.95, 633.00, 214, 1
432000, 1691596843, 2023/8/9 16:0:43, 59.90, 25.20, 336.94, 1901.06, 4091.80, 49.00, 27.95, 633.00, 215, 1
433998, 1691596845, 2023/8/9 16:0:45, 59.90, 25.20, 337.13, 1901.44, 4091.80, 49.00, 27.95, 633.00, 216, 1
435998, 1691596847, 2023/8/9 16:0:47, 59.80, 25.20, 337.50, 1901.63, 4096.68, 49.00, 27.95, 633.00, 217, 1
437999, 1691596849, 2023/8/9 16:0:49, 59.80, 25.30, 337.69, 1902.00, 4101.56, 49.00, 27.95, 633.00, 218, 1
439999, 1691596851, 2023/8/9 16:0:51, 59.70, 25.30, 338.06, 1902.38, 4101.56, 49.00, 27.95, 633.00, 219, 1
441999, 1691596853, 2023/8/9 16:0:53, 59.70, 25.30, 338.44, 1902.56, 4101.56, 49.00, 27.95, 633.00, 220, 1
443999, 1691596855, 2023/8/9 16:0:55, 59.60, 25.30, 338.63, 1902.75, 4096.68, 48.66, 28.12, 627.00, 221, 1
446000, 1691596857, 2023/8/9 16:0:57, 59.70, 25.30, 338.81, 1903.13, 4096.68, 48.66, 28.12, 627.00, 222, 1
447998, 1691596859, 2023/8/9 16:0:59, 59.60, 25.40, 339.19, 1903.50, 4091.80, 48.66, 28.12, 627.00, 223, 1
449999, 1691596861, 2023/8/9 16:1:1, 59.60, 25.40, 339.38, 1903.69, 4091.80, 48.66, 28.12, 627.00, 224, 1
451999, 1691596863, 2023/8/9 16:1:3, 59.50, 25.40, 339.56, 1904.06, 4008.79, 48.66, 28.12, 627.00, 225, 1
453999, 1691596865, 2023/8/9 16:1:5, nan, nan, 339.75, 1904.44, 4042.97, 48.66, 28.12, 627.00, 226, 1
455999, 1691596867, 2023/8/9 16:1:7, nan, nan, 339.94, 1904.81, 4091.80, 48.66, 28.12, 627.00, 227, 1
457999, 1691596869, 2023/8/9 16:1:9, 59.60, 25.40, 340.13, 1904.81, 4101.56, 48.66, 28.12, 627.00, 228, 1
459999, 1691596871, 2023/8/9 16:1:11, 59.50, 25.50, 340.13, 1905.19, 4101.56, 48.66, 28.12, 627.00, 229, 1
462000, 1691596873, 2023/8/9 16:1:13, 59.50, 25.50, 340.50, 1905.56, 4101.56, 48.66, 28.12, 627.00, 230, 1
464000, 1691596875, 2023/8/9 16:1:15, 59.50, 25.50, 340.69, 1905.75, 4091.80, 48.29, 28.31, 627.00, 231, 1
465999, 1691596877, 2023/8/9 16:1:17, 59.40, 25.50, 341.06, 1906.13, 4091.80, 48.29, 28.31, 627.00, 232, 1
467999, 1691596879, 2023/8/9 16:1:19, 59.40, 25.50, 341.06, 1906.50, 4091.80, 48.29, 28.31, 627.00, 233, 1
469999, 1691596881, 2023/8/9 16:1:21, 59.40, 25.50, 341.44, 1906.69, 4091.80, 48.29, 28.31, 627.00, 234, 1
471999, 1691596883, 2023/8/9 16:1:23, 59.30, 25.50, 341.63, 1906.88, 4091.80, 48.29, 28.31, 627.00, 235, 1
473999, 1691596885, 2023/8/9 16:1:25, 59.30, 25.60, 341.81, 1907.25, 4091.80, 48.29, 28.31, 627.00, 236, 1
475999, 1691596887, 2023/8/9 16:1:27, 59.30, 25.60, 342.19, 1907.63, 4091.80, 48.29, 28.31, 627.00, 237, 1
477999, 1691596889, 2023/8/9 16:1:29, 59.30, 25.60, 342.38, 1908.00, 4096.68, 48.29, 28.31, 627.00, 238, 1
479998, 1691596891, 2023/8/9 16:1:31, 59.30, 25.60, 342.38, 1908.38, 4101.56, 48.29, 28.31, 627.00, 239, 1
481999, 1691596893, 2023/8/9 16:1:33, 59.20, 25.60, 342.75, 1908.56, 4101.56, 48.29, 28.31, 627.00, 240, 1
483999, 1691596895, 2023/8/9 16:1:35, 59.20, 25.60, 342.94, 1908.94, 4091.80, 47.91, 28.50, 623.00, 241, 1
485999, 1691596897, 2023/8/9 16:1:37, 59.10, 25.60, 343.13, 1909.13, 4091.80, 47.91, 28.50, 623.00, 242, 1
488000, 1691596899, 2023/8/9 16:1:39, 59.10, 25.60, 343.13, 1909.69, 4091.80, 47.91, 28.50, 623.00, 243, 1
490000, 1691596901, 2023/8/9 16:1:41, 59.10, 25.60, 343.31, 1910.06, 4091.80, 47.91, 28.50, 623.00, 244, 1
491999, 1691596903, 2023/8/9 16:1:43, 59.10, 25.60, 343.50, 1910.44, 4091.80, 47.91, 28.50, 623.00, 245, 1
493999, 1691596905, 2023/8/9 16:1:45, 59.00, 25.70, 343.69, 1910.81, 4091.80, 47.91, 28.50, 623.00, 246, 1
495998, 1691596907, 2023/8/9 16:1:47, 59.00, 25.70, 343.69, 1911.19, 4091.80, 47.91, 28.50, 623.00, 247, 1
497999, 1691596909, 2023/8/9 16:1:49, 59.00, 25.70, 343.88, 1911.75, 4101.56, 47.91, 28.50, 623.00, 248, 1
499999, 1691596911, 2023/8/9 16:1:51, 59.00, 25.70, 343.88, 1911.94, 4101.56, 47.91, 28.50, 623.00, 249, 1
501999, 1691596913, 2023/8/9 16:1:53, 59.00, 25.80, 344.06, 1912.31, 4101.56, 47.91, 28.50, 623.00, 250, 1
503999, 1691596915, 2023/8/9 16:1:55, 59.00, 25.80, 344.06, 1912.69, 4091.80, 47.49, 28.65, 623.00, 251, 1
505999, 1691596917, 2023/8/9 16:1:57, 58.90, 25.80, 344.25, 1913.06, 4091.80, 47.49, 28.65, 623.00, 252, 1
508000, 1691596919, 2023/8/9 16:1:59, 58.90, 25.80, 344.44, 1913.25, 4091.80, 47.49, 28.65, 623.00, 253, 1
510000, 1691596921, 2023/8/9 16:2:1, 58.90, 25.80, 344.63, 1913.63, 4091.80, 47.49, 28.65, 623.00, 254, 1
512000, 1691596923, 2023/8/9 16:2:3, 58.90, 25.80, 344.63, 1914.19, 4091.80, 47.49, 28.65, 623.00, 255, 1
514000, 1691596925, 2023/8/9 16:2:5, 58.80, 25.80, 344.81, 1914.38, 4091.80, 47.49, 28.65, 623.00, 256, 1
515999, 1691596927, 2023/8/9 16:2:7, 58.80, 25.80, 345.00, 1914.75, 4091.80, 47.49, 28.65, 623.00, 257, 1
517999, 1691596929, 2023/8/9 16:2:9, 58.80, 25.80, 345.00, 1915.13, 4096.68, 47.49, 28.65, 623.00, 258, 1
519999, 1691596931, 2023/8/9 16:2:11, 58.70, 25.80, 345.19, 1915.50, 4101.56, 47.49, 28.65, 623.00, 259, 1
521999, 1691596933, 2023/8/9 16:2:13, 58.70, 25.90, 345.19, 1915.69, 4101.56, 47.49, 28.65, 623.00, 260, 1
524000, 1691596935, 2023/8/9 16:2:15, 58.70, 26.00, 345.19, 1916.25, 4091.80, 47.13, 28.82, 625.00, 261, 1
525999, 1691596937, 2023/8/9 16:2:17, 58.70, 26.00, 345.38, 1916.63, 4091.80, 47.13, 28.82, 625.00, 262, 1
528000, 1691596939, 2023/8/9 16:2:19, 58.70, 26.00, 345.38, 1917.00, 4091.80, 47.13, 28.82, 625.00, 263, 1
529998, 1691596941, 2023/8/9 16:2:21, 58.60, 26.00, 345.75, 1917.38, 4091.80, 47.13, 28.82, 625.00, 264, 1
531998, 1691596943, 2023/8/9 16:2:23, 58.60, 26.00, 353.25, 1917.56, 4091.80, 47.13, 28.82, 625.00, 265, 1
534000, 1691596945, 2023/8/9 16:2:25, 58.50, 26.00, 364.50, 1917.94, 4091.80, 47.13, 28.82, 625.00, 266, 1
535999, 1691596947, 2023/8/9 16:2:27, 58.50, 26.00, 374.63, 1918.31, 4091.80, 47.13, 28.82, 625.00, 267, 1
537999, 1691596949, 2023/8/9 16:2:29, 58.50, 26.00, 382.88, 1918.50, 4096.68, 47.13, 28.82, 625.00, 268, 1
540000, 1691596951, 2023/8/9 16:2:31, 58.50, 26.00, 389.44, 1918.69, 4101.56, 47.13, 28.82, 625.00, 269, 1
541999, 1691596953, 2023/8/9 16:2:33, 58.60, 26.00, 394.88, 1918.88, 4101.56, 47.13, 28.82, 625.00, 270, 1
544000, 1691596955, 2023/8/9 16:2:35, 58.60, 26.00, 399.75, 1919.06, 4091.80, 46.75, 28.99, 621.00, 271, 1
545999, 1691596957, 2023/8/9 16:2:37, 58.50, 26.00, 404.81, 1919.25, 4091.80, 46.75, 28.99, 621.00, 272, 1
547999, 1691596959, 2023/8/9 16:2:39, 58.50, 26.10, 409.88, 1919.63, 4091.80, 46.75, 28.99, 621.00, 273, 1
549999, 1691596961, 2023/8/9 16:2:41, 58.50, 26.10, 415.50, 1920.00, 4091.80, 46.75, 28.99, 621.00, 274, 1
551999, 1691596963, 2023/8/9 16:2:43, 58.40, 26.10, 421.31, 1920.38, 4091.80, 46.75, 28.99, 621.00, 275, 1
553999, 1691596965, 2023/8/9 16:2:45, 58.40, 26.10, 427.13, 1920.75, 4091.80, 46.75, 28.99, 621.00, 276, 1
555999, 1691596967, 2023/8/9 16:2:47, 58.40, 26.10, 432.38, 1920.94, 4091.80, 46.75, 28.99, 621.00, 277, 1
557999, 1691596969, 2023/8/9 16:2:49, 58.40, 26.10, 437.44, 1921.31, 4096.68, 46.75, 28.99, 621.00, 278, 1
559998, 1691596971, 2023/8/9 16:2:51, 58.30, 26.10, 442.13, 1921.69, 4096.68, 46.75, 28.99, 621.00, 279, 1
561999, 1691596973, 2023/8/9 16:2:53, 58.30, 26.20, 446.25, 1921.88, 4096.68, 46.75, 28.99, 621.00, 280, 1
563999, 1691596975, 2023/8/9 16:2:55, 58.30, 26.20, 450.19, 1922.25, 4091.80, 46.42, 29.15, 619.00, 281, 1
565999, 1691596977, 2023/8/9 16:2:57, 58.30, 26.20, 453.56, 1922.63, 4091.80, 46.42, 29.15, 619.00, 282, 1
567998, 1691596979, 2023/8/9 16:2:59, 58.30, 26.20, 456.56, 1922.81, 4091.80, 46.42, 29.15, 619.00, 283, 1
569999, 1691596981, 2023/8/9 16:3:1, 58.20, 26.20, 459.38, 1923.19, 4091.80, 46.42, 29.15, 619.00, 284, 1
572000, 1691596983, 2023/8/9 16:3:3, 58.30, 26.20, 461.63, 1923.38, 4091.80, 46.42, 29.15, 619.00, 285, 1
574000, 1691596985, 2023/8/9 16:3:5, 58.20, 26.20, 463.69, 1923.56, 4091.80, 46.42, 29.15, 619.00, 286, 1
576000, 1691596987, 2023/8/9 16:3:7, 58.20, 26.20, 465.75, 1923.94, 4091.80, 46.42, 29.15, 619.00, 287, 1
577999, 1691596989, 2023/8/9 16:3:9, 58.20, 26.20, 467.25, 1924.50, 4096.68, 46.42, 29.15, 619.00, 288, 1
579999, 1691596991, 2023/8/9 16:3:11, 58.20, 26.30, 468.56, 1924.88, 4096.68, 46.42, 29.15, 619.00, 289, 1
581999, 1691596993, 2023/8/9 16:3:13, 58.20, 26.30, 469.69, 1925.06, 4096.68, 46.42, 29.15, 619.00, 290, 1
583999, 1691596995, 2023/8/9 16:3:15, 58.20, 26.30, 470.81, 1925.44, 4091.80, 46.10, 29.29, 619.00, 291, 1
586000, 1691596997, 2023/8/9 16:3:17, 58.20, 26.30, 471.75, 1925.44, 4091.80, 46.10, 29.29, 619.00, 292, 1
587999, 1691596999, 2023/8/9 16:3:19, 58.10, 26.40, 472.31, 1926.00, 4091.80, 46.10, 29.29, 619.00, 293, 1
589999, 1691597001, 2023/8/9 16:3:21, 58.00, 26.40, 473.06, 1926.38, 4091.80, 46.10, 29.29, 619.00, 294, 1
592000, 1691597003, 2023/8/9 16:3:23, 58.00, 26.40, 473.63, 1926.56, 4091.80, 46.10, 29.29, 619.00, 295, 1
593998, 1691597005, 2023/8/9 16:3:25, 58.00, 26.40, 474.00, 1926.94, 4091.80, 46.10, 29.29, 619.00, 296, 1
595998, 1691597007, 2023/8/9 16:3:27, 58.10, 26.40, 474.56, 1926.94, 4091.80, 46.10, 29.29, 619.00, 297, 1
597999, 1691597009, 2023/8/9 16:3:29, 58.10, 26.40, 474.75, 1927.50, 4096.68, 46.10, 29.29, 619.00, 298, 1
599999, 1691597011, 2023/8/9 16:3:31, 58.00, 26.40, 475.13, 1927.69, 4096.68, 46.10, 29.29, 619.00, 299, 1
601999, 1691597013, 2023/8/9 16:3:33, 58.00, 26.40, 475.50, 1927.69, 4096.68, 46.10, 29.29, 619.00, 300, 1
603999, 1691597015, 2023/8/9 16:3:35, 58.00, 26.40, 475.69, 1928.06, 4091.80, 45.81, 29.42, 615.00, 301, 1
606000, 1691597017, 2023/8/9 16:3:37, 57.90, 26.40, 476.06, 1928.25, 4091.80, 45.81, 29.42, 615.00, 302, 1
608000, 1691597019, 2023/8/9 16:3:39, 57.90, 26.40, 476.06, 1928.63, 4091.80, 45.81, 29.42, 615.00, 303, 1
609998, 1691597021, 2023/8/9 16:3:41, 57.90, 26.50, 476.25, 1928.81, 4091.80, 45.81, 29.42, 615.00, 304, 1
611999, 1691597023, 2023/8/9 16:3:43, 57.90, 26.50, 476.44, 1929.00, 4091.80, 45.81, 29.42, 615.00, 305, 1
613999, 1691597025, 2023/8/9 16:3:45, 57.90, 26.50, 476.63, 1929.38, 4091.80, 45.81, 29.42, 615.00, 306, 1
615999, 1691597027, 2023/8/9 16:3:47, 57.90, 26.50, 476.63, 1929.56, 4091.80, 45.81, 29.42, 615.00, 307, 1
617999, 1691597029, 2023/8/9 16:3:49, 57.80, 26.50, 476.63, 1929.75, 4096.68, 45.81, 29.42, 615.00, 308, 1
620000, 1691597031, 2023/8/9 16:3:51, 57.80, 26.50, 476.63, 1930.13, 4096.68, 45.81, 29.42, 615.00, 309, 1
621999, 1691597033, 2023/8/9 16:3:53, 57.80, 26.50, 476.81, 1930.13, 4096.68, 45.81, 29.42, 615.00, 310, 1
624000, 1691597035, 2023/8/9 16:3:55, 57.80, 26.60, 476.81, 1930.31, 4091.80, 45.55, 29.55, 614.00, 311, 1
625999, 1691597037, 2023/8/9 16:3:57, 57.80, 26.60, 476.63, 1930.31, 4091.80, 45.55, 29.55, 614.00, 312, 1
627999, 1691597039, 2023/8/9 16:3:59, 57.80, 26.60, 476.44, 1930.50, 4091.80, 45.55, 29.55, 614.00, 313, 1
629999, 1691597041, 2023/8/9 16:4:1, 57.80, 26.60, 476.25, 1930.50, 4091.80, 45.55, 29.55, 614.00, 314, 1
632000, 1691597043, 2023/8/9 16:4:3, 57.80, 26.60, 475.88, 1930.50, 4091.80, 45.55, 29.55, 614.00, 315, 1
633999, 1691597045, 2023/8/9 16:4:5, 57.80, 26.60, 475.69, 1930.31, 4091.80, 45.55, 29.55, 614.00, 316, 1
635999, 1691597047, 2023/8/9 16:4:7, 57.90, 26.60, 475.50, 1930.13, 4091.80, 45.55, 29.55, 614.00, 317, 1
637999, 1691597049, 2023/8/9 16:4:9, 57.90, 26.60, 475.50, 1930.13, 4096.68, 45.55, 29.55, 614.00, 318, 1
639998, 1691597051, 2023/8/9 16:4:11, 57.90, 26.60, 475.50, 1930.13, 4096.68, 45.55, 29.55, 614.00, 319, 1
641999, 1691597053, 2023/8/9 16:4:13, 57.90, 26.70, 475.50, 1930.13, 4096.68, 45.55, 29.55, 614.00, 320, 1
643998, 1691597055, 2023/8/9 16:4:15, 57.80, 26.70, 475.50, 1930.13, 4091.80, 45.30, 29.68, 615.00, 321, 1
645999, 1691597057, 2023/8/9 16:4:17, 57.80, 26.70, 475.69, 1930.13, 4091.80, 45.30, 29.68, 615.00, 322, 1
648000, 1691597059, 2023/8/9 16:4:19, 57.70, 26.70, 476.06, 1929.94, 4091.80, 45.30, 29.68, 615.00, 323, 1
649999, 1691597061, 2023/8/9 16:4:21, 57.70, 26.70, 476.25, 1930.31, 4091.80, 45.30, 29.68, 615.00, 324, 1
652000, 1691597063, 2023/8/9 16:4:23, 57.70, 26.70, 476.44, 1930.50, 4091.80, 45.30, 29.68, 615.00, 325, 1
654000, 1691597065, 2023/8/9 16:4:25, 57.80, 26.70, 476.81, 1930.88, 4091.80, 45.30, 29.68, 615.00, 326, 1
655998, 1691597067, 2023/8/9 16:4:27, 57.80, 26.80, 477.19, 1930.69, 4091.80, 45.30, 29.68, 615.00, 327, 1
657999, 1691597069, 2023/8/9 16:4:29, 57.80, 26.80, 477.38, 1930.69, 4096.68, 45.30, 29.68, 615.00, 328, 1
659999, 1691597071, 2023/8/9 16:4:31, 57.80, 26.80, 477.75, 1930.50, 4096.68, 45.30, 29.68, 615.00, 329, 1
661999, 1691597073, 2023/8/9 16:4:33, 57.80, 26.80, 477.94, 1930.50, 4096.68, 45.30, 29.68, 615.00, 330, 1
663999, 1691597075, 2023/8/9 16:4:35, 57.70, 26.80, 478.13, 1930.31, 4091.80, 45.26, 29.86, 628.00, 331, 1
665999, 1691597077, 2023/8/9 16:4:37, 57.70, 26.80, 478.31, 1930.13, 4091.80, 45.26, 29.86, 628.00, 332, 1
667999, 1691597079, 2023/8/9 16:4:39, 57.70, 26.80, 478.31, 1929.94, 4091.80, 45.26, 29.86, 628.00, 333, 1
669999, 1691597081, 2023/8/9 16:4:41, 57.70, 26.80, 478.50, 1929.75, 4091.80, 45.26, 29.86, 628.00, 334, 1
672000, 1691597083, 2023/8/9 16:4:43, 57.70, 26.80, 478.50, 1929.56, 4091.80, 45.26, 29.86, 628.00, 335, 1
673999, 1691597085, 2023/8/9 16:4:45, 57.70, 26.90, 478.50, 1929.56, 4091.80, 45.26, 29.86, 628.00, 336, 1
675998, 1691597087, 2023/8/9 16:4:47, 57.70, 26.90, 478.50, 1929.38, 4091.80, 45.26, 29.86, 628.00, 337, 1
677999, 1691597089, 2023/8/9 16:4:49, 57.70, 26.90, 478.50, 1929.19, 4096.68, 45.26, 29.86, 628.00, 338, 1
679999, 1691597091, 2023/8/9 16:4:51, 57.70, 26.90, 478.50, 1929.19, 4096.68, 45.26, 29.86, 628.00, 339, 1
681999, 1691597093, 2023/8/9 16:4:53, 57.60, 26.90, 478.31, 1929.00, 4096.68, 45.26, 29.86, 628.00, 340, 1
683999, 1691597095, 2023/8/9 16:4:55, 57.60, 26.90, 478.50, 1929.00, 4091.80, 45.00, 29.98, 727.00, 341, 1
686000, 1691597097, 2023/8/9 16:4:57, 57.60, 26.90, 478.50, 1929.19, 4091.80, 45.00, 29.98, 727.00, 342, 1
688000, 1691597099, 2023/8/9 16:4:59, 57.60, 26.90, 478.69, 1929.19, 4091.80, 45.00, 29.98, 727.00, 343, 1
689999, 1691597101, 2023/8/9 16:5:1, 57.60, 26.90, 479.06, 1929.56, 4091.80, 45.00, 29.98, 727.00, 344, 1
691999, 1691597103, 2023/8/9 16:5:3, 57.60, 26.90, 479.44, 1929.75, 4091.80, 45.00, 29.98, 727.00, 345, 1
693999, 1691597105, 2023/8/9 16:5:5, 57.50, 26.90, 479.63, 1929.94, 4091.80, 45.00, 29.98, 727.00, 346, 1
696000, 1691597107, 2023/8/9 16:5:7, 57.50, 26.90, 479.81, 1929.94, 4086.91, 45.00, 29.98, 727.00, 347, 1
698000, 1691597109, 2023/8/9 16:5:9, 57.50, 26.90, 480.19, 1930.13, 4096.68, 45.00, 29.98, 727.00, 348, 1
699999, 1691597111, 2023/8/9 16:5:11, 57.50, 27.00, 480.38, 1930.31, 4096.68, 45.00, 29.98, 727.00, 349, 1
702000, 1691597113, 2023/8/9 16:5:13, 57.50, 27.00, 480.56, 1930.31, 4096.68, 45.00, 29.98, 727.00, 350, 1
703998, 1691597115, 2023/8/9 16:5:15, 57.40, 27.00, 480.75, 1930.31, 4091.80, 44.88, 30.08, 789.00, 351, 1
705999, 1691597117, 2023/8/9 16:5:17, 57.40, 27.00, 480.75, 1930.50, 4091.80, 44.88, 30.08, 789.00, 352, 1
707998, 1691597119, 2023/8/9 16:5:19, 57.40, 27.00, 480.94, 1930.50, 4086.91, 44.88, 30.08, 789.00, 353, 1
709999, 1691597121, 2023/8/9 16:5:21, nan, nan, 481.31, 1930.69, 4086.91, 44.88, 30.08, 789.00, 354, 1
711999, 1691597123, 2023/8/9 16:5:23, 57.50, 27.00, 481.50, 1930.88, 4091.80, 44.88, 30.08, 789.00, 355, 1
714000, 1691597125, 2023/8/9 16:5:25, 57.50, 27.00, 481.69, 1930.88, 4091.80, 44.88, 30.08, 789.00, 356, 1
715999, 1691597127, 2023/8/9 16:5:27, 57.40, 27.00, 481.69, 1931.25, 4091.80, 44.88, 30.08, 789.00, 357, 1
718000, 1691597129, 2023/8/9 16:5:29, 57.40, 27.00, 481.88, 1931.25, 4096.68, 44.88, 30.08, 789.00, 358, 1
719998, 1691597131, 2023/8/9 16:5:31, 57.40, 27.00, 481.88, 1931.25, 4096.68, 44.88, 30.08, 789.00, 359, 1
721999, 1691597133, 2023/8/9 16:5:33, 57.40, 27.00, 482.06, 1931.25, 4096.68, 44.88, 30.08, 789.00, 360, 1
723999, 1691597135, 2023/8/9 16:5:35, 57.40, 27.10, 482.06, 1931.63, 4091.80, 44.49, 30.20, 802.00, 361, 1
725999, 1691597137, 2023/8/9 16:5:37, 57.40, 27.10, 482.25, 1931.63, 4091.80, 44.49, 30.20, 802.00, 362, 1
727999, 1691597139, 2023/8/9 16:5:39, 57.50, 27.10, 482.44, 1931.63, 4086.91, 44.49, 30.20, 802.00, 363, 1
729999, 1691597141, 2023/8/9 16:5:41, 57.50, 27.10, 482.44, 1931.63, 4086.91, 44.49, 30.20, 802.00, 364, 1
731999, 1691597143, 2023/8/9 16:5:43, 57.50, 27.10, 482.25, 1931.44, 4086.91, 44.49, 30.20, 802.00, 365, 1
733999, 1691597145, 2023/8/9 16:5:45, 57.50, 27.10, 481.50, 1931.81, 4086.91, 44.49, 30.20, 802.00, 366, 1
735998, 1691597147, 2023/8/9 16:5:47, 57.50, 27.10, 480.75, 1931.81, 4086.91, 44.49, 30.20, 802.00, 367, 1
737999, 1691597149, 2023/8/9 16:5:49, 57.50, 27.10, 480.00, 1932.00, 4096.68, 44.49, 30.20, 802.00, 368, 1
739999, 1691597151, 2023/8/9 16:5:51, 57.50, 27.10, 479.44, 1932.00, 4096.68, 44.49, 30.20, 802.00, 369, 1
741999, 1691597153, 2023/8/9 16:5:53, 57.50, 27.10, 478.88, 1932.00, 4096.68, 44.49, 30.20, 802.00, 370, 1
743999, 1691597155, 2023/8/9 16:5:55, 57.50, 27.10, 477.75, 1932.00, 4008.79, 44.36, 30.34, 787.00, 371, 1
745999, 1691597157, 2023/8/9 16:5:57, 57.40, 27.10, 476.44, 1932.00, 4038.09, 44.36, 30.34, 787.00, 372, 1
747999, 1691597159, 2023/8/9 16:5:59, 57.40, 27.10, 475.13, 1932.00, 4086.91, 44.36, 30.34, 787.00, 373, 1
749999, 1691597161, 2023/8/9 16:6:1, 57.40, 27.10, 473.81, 1932.19, 4086.91, 44.36, 30.34, 787.00, 374, 1
751998, 1691597163, 2023/8/9 16:6:3, 57.30, 27.20, 472.50, 1932.19, 4086.91, 44.36, 30.34, 787.00, 375, 1
753998, 1691597165, 2023/8/9 16:6:5, 57.30, 27.20, 470.63, 1932.19, 4086.91, 44.36, 30.34, 787.00, 376, 1
755999, 1691597167, 2023/8/9 16:6:7, 57.40, 27.20, 468.94, 1932.38, 4086.91, 44.36, 30.34, 787.00, 377, 1
757999, 1691597169, 2023/8/9 16:6:9, 57.40, 27.20, 466.50, 1932.38, 4096.68, 44.36, 30.34, 787.00, 378, 1
759999, 1691597171, 2023/8/9 16:6:11, 57.30, 27.20, 463.50, 1932.56, 4096.68, 44.36, 30.34, 787.00, 379, 1
761998, 1691597173, 2023/8/9 16:6:13, 57.20, 27.20, 459.94, 1932.75, 4096.68, 44.36, 30.34, 787.00, 380, 1
763999, 1691597175, 2023/8/9 16:6:15, 57.20, 27.20, 457.69, 1933.13, 4091.80, 43.76, 30.45, 747.00, 381, 1
765999, 1691597177, 2023/8/9 16:6:17, 57.10, 27.20, 456.56, 1933.50, 4086.91, 43.76, 30.45, 747.00, 382, 1
767998, 1691597179, 2023/8/9 16:6:19, 57.10, 27.20, 455.06, 1933.88, 4086.91, 43.76, 30.45, 747.00, 383, 1
769999, 1691597181, 2023/8/9 16:6:21, 57.10, 27.20, 453.56, 1934.06, 4086.91, 43.76, 30.45, 747.00, 384, 1
771998, 1691597183, 2023/8/9 16:6:23, 57.10, 27.20, 451.88, 1934.25, 4086.91, 43.76, 30.45, 747.00, 385, 1
773999, 1691597185, 2023/8/9 16:6:25, 57.10, 27.20, 450.19, 1934.44, 4086.91, 43.76, 30.45, 747.00, 386, 1
775999, 1691597187, 2023/8/9 16:6:27, 57.10, 27.30, 448.50, 1934.81, 4086.91, 43.76, 30.45, 747.00, 387, 1
778000, 1691597189, 2023/8/9 16:6:29, 57.10, 27.30, 446.63, 1934.81, 4096.68, 43.76, 30.45, 747.00, 388, 1
780000, 1691597191, 2023/8/9 16:6:31, 57.10, 27.20, 444.38, 1935.00, 4096.68, 43.76, 30.45, 747.00, 389, 1
782000, 1691597193, 2023/8/9 16:6:33, 57.10, 27.20, 442.31, 1935.19, 4096.68, 43.76, 30.45, 747.00, 390, 1
784000, 1691597195, 2023/8/9 16:6:35, 57.10, 27.20, 440.25, 1935.38, 4086.91, 43.60, 30.54, 693.00, 391, 1
785999, 1691597197, 2023/8/9 16:6:37, 57.00, 27.30, 438.19, 1935.38, 4086.91, 43.60, 30.54, 693.00, 392, 1
787999, 1691597199, 2023/8/9 16:6:39, 56.90, 27.30, 435.75, 1935.56, 4086.91, 43.60, 30.54, 693.00, 393, 1
789998, 1691597201, 2023/8/9 16:6:41, 56.90, 27.30, 433.50, 1935.38, 4086.91, 43.60, 30.54, 693.00, 394, 1
791999, 1691597203, 2023/8/9 16:6:43, 56.90, 27.30, 431.25, 1935.38, 4086.91, 43.60, 30.54, 693.00, 395, 1
793999, 1691597205, 2023/8/9 16:6:45, 57.00, 27.30, 429.19, 1935.56, 4086.91, 43.60, 30.54, 693.00, 396, 1
795999, 1691597207, 2023/8/9 16:6:47, 57.00, 27.30, 427.31, 1935.75, 4086.91, 43.60, 30.54, 693.00, 397, 1
797999, 1691597209, 2023/8/9 16:6:49, 56.90, 27.30, 425.25, 1935.94, 4096.68, 43.60, 30.54, 693.00, 398, 1
800000, 1691597211, 2023/8/9 16:6:51, 56.90, 27.30, 423.38, 1935.94, 4096.68, 43.60, 30.54, 693.00, 399, 1
801998, 1691597213, 2023/8/9 16:6:53, 56.90, 27.30, 421.50, 1935.94, 4096.68, 43.60, 30.54, 693.00, 400, 1
803999, 1691597215, 2023/8/9 16:6:55, 56.90, 27.30, 419.63, 1935.94, 4086.91, 43.54, 30.62, 647.00, 401, 1
805999, 1691597217, 2023/8/9 16:6:57, 56.80, 27.30, 418.13, 1936.13, 4086.91, 43.54, 30.62, 647.00, 402, 1
807999, 1691597219, 2023/8/9 16:6:59, 56.90, 27.40, 417.00, 1936.13, 4086.91, 43.54, 30.62, 647.00, 403, 1
809999, 1691597221, 2023/8/9 16:7:1, 56.90, 27.40, 416.06, 1936.50, 4086.91, 43.54, 30.62, 647.00, 404, 1
812000, 1691597223, 2023/8/9 16:7:3, 56.90, 27.40, 415.13, 1936.31, 4086.91, 43.54, 30.62, 647.00, 405, 1
814000, 1691597225, 2023/8/9 16:7:5, 56.90, 27.40, 414.38, 1936.50, 4086.91, 43.54, 30.62, 647.00, 406, 1
815998, 1691597227, 2023/8/9 16:7:7, 56.60, 27.40, 413.81, 1936.69, 4086.91, 43.54, 30.62, 647.00, 407, 1
817999, 1691597229, 2023/8/9 16:7:9, 56.60, 27.40, 414.00, 1936.50, 4096.68, 43.54, 30.62, 647.00, 408, 1
819999, 1691597231, 2023/8/9 16:7:11, 56.50, 27.40, 414.56, 1936.88, 4096.68, 43.54, 30.62, 647.00, 409, 1
822000, 1691597233, 2023/8/9 16:7:13, 56.50, 27.40, 414.00, 1937.06, 4096.68, 43.54, 30.62, 647.00, 410, 1
823999, 1691597235, 2023/8/9 16:7:15, 56.20, 27.40, 412.69, 1937.25, 4086.91, 43.35, 30.71, 624.00, 411, 1
825999, 1691597237, 2023/8/9 16:7:17, 55.70, 27.40, 412.13, 1937.06, 4086.91, 43.35, 30.71, 624.00, 412, 1
827999, 1691597239, 2023/8/9 16:7:19, 55.70, 27.40, 411.56, 1936.88, 4086.91, 43.35, 30.71, 624.00, 413, 1
829999, 1691597241, 2023/8/9 16:7:21, 55.80, 27.40, 410.81, 1936.69, 4086.91, 43.35, 30.71, 624.00, 414, 1
832000, 1691597243, 2023/8/9 16:7:23, 55.90, 27.40, 409.50, 1936.69, 4086.91, 43.35, 30.71, 624.00, 415, 1
833999, 1691597245, 2023/8/9 16:7:25, 56.00, 27.50, 408.00, 1937.06, 4086.91, 43.35, 30.71, 624.00, 416, 1
835999, 1691597247, 2023/8/9 16:7:27, 56.00, 27.50, 406.50, 1937.25, 4086.91, 43.35, 30.71, 624.00, 417, 1
838000, 1691597249, 2023/8/9 16:7:29, 56.00, 27.50, 404.63, 1937.44, 4096.68, 43.35, 30.71, 624.00, 418, 1
839998, 1691597251, 2023/8/9 16:7:31, 56.00, 27.50, 402.19, 1937.63, 4096.68, 43.35, 30.71, 624.00, 419, 1
841999, 1691597253, 2023/8/9 16:7:33, 55.70, 27.50, 399.56, 1937.81, 4096.68, 43.35, 30.71, 624.00, 420, 1
843999, 1691597255, 2023/8/9 16:7:35, 55.50, 27.50, 396.94, 1937.63, 4086.91, 41.40, 30.75, 571.00, 421, 1
845999, 1691597257, 2023/8/9 16:7:37, 55.50, 27.50, 394.31, 1937.44, 4086.91, 41.40, 30.75, 571.00, 422, 1
848000, 1691597259, 2023/8/9 16:7:39, 55.50, 27.50, 392.06, 1937.44, 4086.91, 41.40, 30.75, 571.00, 423, 1
849998, 1691597261, 2023/8/9 16:7:41, 55.90, 27.50, 390.38, 1937.44, 4086.91, 41.40, 30.75, 571.00, 424, 1
851999, 1691597263, 2023/8/9 16:7:43, 56.00, 27.50, 388.69, 1937.44, 4086.91, 41.40, 30.75, 571.00, 425, 1
853999, 1691597265, 2023/8/9 16:7:45, 55.80, 27.50, 386.06, 1937.63, 4086.91, 41.40, 30.75, 571.00, 426, 1
855999, 1691597267, 2023/8/9 16:7:47, 55.50, 27.50, 383.44, 1937.81, 4086.91, 41.40, 30.75, 571.00, 427, 1
857999, 1691597269, 2023/8/9 16:7:49, 55.50, 27.50, 380.63, 1938.19, 4091.80, 41.40, 30.75, 571.00, 428, 1
860000, 1691597271, 2023/8/9 16:7:51, 55.30, 27.50, 378.56, 1938.56, 4096.68, 41.40, 30.75, 571.00, 429, 1
861999, 1691597273, 2023/8/9 16:7:53, 55.20, 27.50, 376.69, 1938.75, 4091.80, 41.40, 30.75, 571.00, 430, 1
863998, 1691597275, 2023/8/9 16:7:55, 55.20, 27.50, 375.19, 1938.94, 4086.91, 41.08, 30.76, 524.00, 431, 1
865999, 1691597277, 2023/8/9 16:7:57, 55.20, 27.50, 374.06, 1939.13, 4086.91, 41.08, 30.76, 524.00, 432, 1
867998, 1691597279, 2023/8/9 16:7:59, 55.30, 27.50, 373.31, 1939.13, 4086.91, 41.08, 30.76, 524.00, 433, 1
870000, 1691597281, 2023/8/9 16:8:1, 55.30, 27.50, 372.75, 1939.31, 4086.91, 41.08, 30.76, 524.00, 434, 1
871999, 1691597283, 2023/8/9 16:8:3, 55.30, 27.50, 372.38, 1939.69, 4086.91, 41.08, 30.76, 524.00, 435, 1
873999, 1691597285, 2023/8/9 16:8:5, 55.40, 27.50, 372.00, 1939.88, 4086.91, 41.08, 30.76, 524.00, 436, 1
875999, 1691597287, 2023/8/9 16:8:7, 55.40, 27.50, 371.81, 1940.25, 4086.91, 41.08, 30.76, 524.00, 437, 1
877999, 1691597289, 2023/8/9 16:8:9, 55.40, 27.50, 371.63, 1940.25, 4091.80, 41.08, 30.76, 524.00, 438, 1
880000, 1691597291, 2023/8/9 16:8:11, 55.40, 27.50, 371.81, 1940.25, 4096.68, 41.08, 30.76, 524.00, 439, 1
881999, 1691597293, 2023/8/9 16:8:13, 55.40, 27.50, 371.81, 1940.44, 4091.80, 41.08, 30.76, 524.00, 440, 1
883999, 1691597295, 2023/8/9 16:8:15, 55.50, 27.50, 372.00, 1940.81, 4086.91, 41.33, 30.86, 522.00, 441, 1
885999, 1691597297, 2023/8/9 16:8:17, 55.50, 27.50, 372.38, 1941.19, 4086.91, 41.33, 30.86, 522.00, 442, 1
887998, 1691597299, 2023/8/9 16:8:19, 55.50, 27.60, 372.56, 1941.19, 4086.91, 41.33, 30.86, 522.00, 443, 1
890000, 1691597301, 2023/8/9 16:8:21, 55.50, 27.70, 372.75, 1941.38, 4086.91, 41.33, 30.86, 522.00, 444, 1
891999, 1691597303, 2023/8/9 16:8:23, 55.50, 27.60, 373.13, 1941.38, 4086.91, 41.33, 30.86, 522.00, 445, 1
894000, 1691597305, 2023/8/9 16:8:25, 55.50, 27.60, 373.50, 1941.75, 4086.91, 41.33, 30.86, 522.00, 446, 1
896000, 1691597307, 2023/8/9 16:8:27, 55.60, 27.70, 373.88, 1941.56, 4086.91, 41.33, 30.86, 522.00, 447, 1
897999, 1691597309, 2023/8/9 16:8:29, 55.60, 27.70, 374.06, 1941.75, 4091.80, 41.33, 30.86, 522.00, 448, 1
899999, 1691597311, 2023/8/9 16:8:31, 55.60, 27.70, 374.63, 1941.94, 4091.80, 41.33, 30.86, 522.00, 449, 1
